{
  "duration": 295.0530625,
  "language": "ru",
  "text": "Tell me something, girl Are you happy and that's more than one? Or do you need more? Is there something else you're searching for? I've fallen In all the good times I find myself Tell me something, boy СПОКОЙНАЯ МУЗЫКА АМОБИЛЬНЫЙ In a shallow, shallow, shallow. In a shallow, shallow. We're far from a shallow now. Tell me something, girl. Are you happy in this modern world? Tell me something, boy. Aren't you tired trying to feel that way? In the shallow, shallow, shallow In the shallow, shallow We're far from the shallow",
  "segments": [
    {
      "id": 1,
      "avg_logprob": -0.2354934070081938,
      "compression_ratio": 1.366412213740458,
      "end": 44.87,
      "no_speech_prob": 0.5225636959075928,
      "seek": 1601,
      "start": 16.01,
      "temperature": 0.0,
      "text": " Tell me something, girl Are you happy and that's more than one? Or do you need more? Is there something else you're searching for? I've fallen In all the good times I find myself",
      "tokens": [
        5115,
        385,
        746,
        11,
        2013,
        2014,
        291,
        2055,
        293,
        300,
        311,
        544,
        813,
        472,
        30,
        1610,
        360,
        291,
        643,
        544,
        30,
        1119,
        456,
        746,
        1646,
        291,
        434,
        10808,
        337,
        30,
        286,
        600,
        11547,
        682,
        439,
        264,
        665,
        1413,
        286,
        915,
        2059
      ]
    },
    {
      "id": 2,
      "avg_logprob": -0.6637368102868398,
      "compression_ratio": 0.7419354838709677,
      "end": 68.87,
      "no_speech_prob": 0.7760492563247681,
      "seek": 4489,
      "start": 64.21,
      "temperature": 0.0,
      "text": " Tell me something, boy",
      "tokens": [
        5115,
        385,
        746,
        11,
        3237
      ]
    },
    {
      "id": 3,
      "avg_logprob": -0.644407590230306,
      "compression_ratio": 0.8,
      "end": 96.31,
      "no_speech_prob": 0.43723851442337036,
      "seek": 7121,
      "start": 94.89,
      "temperature": 0.0,
      "text": " СПОКОЙНАЯ МУЗЫКА",
      "tokens": [
        2933,
        9223,
        7876,
        8169,
        7876,
        37123,
        28729,
        25007
      ]
    },
    {
      "id": 4,
      "avg_logprob": -0.9958249872381036,
      "compression_ratio": 0.65625,
      "end": 106.66,
      "no_speech_prob": 0.3654196858406067,
      "seek": 10068,
      "start": 105.26,
      "temperature": 0.0,
      "text": " АМОБИЛЬНЫЙ",
      "tokens": [
        3450,
        10626,
        7876,
        18172,
        10276,
        14854,
        37796,
        6371,
        16214,
        37123
      ]
    },
    {
      "id": 5,
      "avg_logprob": -0.275691303046974,
      "compression_ratio": 1.4174757281553398,
      "end": 156.97,
      "no_speech_prob": 0.49849042296409607,
      "seek": 13099,
      "start": 130.99,
      "temperature": 0.0,
      "text": " In a shallow, shallow, shallow. In a shallow, shallow. We're far from a shallow now. Tell me something, girl. Are you happy in this modern world?",
      "tokens": [
        682,
        257,
        20488,
        11,
        20488,
        11,
        20488,
        13,
        682,
        257,
        20488,
        11,
        20488,
        13,
        492,
        434,
        1400,
        490,
        257,
        20488,
        586,
        13,
        5115,
        385,
        746,
        11,
        2013,
        13,
        2014,
        291,
        2055,
        294,
        341,
        4363,
        1002,
        30
      ]
    },
    {
      "id": 6,
      "avg_logprob": -0.5158942727481618,
      "compression_ratio": 0.9166666666666666,
      "end": 167.61,
      "no_speech_prob": 0.5526705980300903,
      "seek": 15847,
      "start": 158.47,
      "temperature": 0.0,
      "text": " Tell me something, boy. Aren't you tired trying to feel that way?",
      "tokens": [
        5115,
        385,
        746,
        11,
        3237,
        13,
        15464,
        380,
        291,
        5868,
        1382,
        281,
        841,
        300,
        636,
        30
      ]
    },
    {
      "id": 7,
      "avg_logprob": -0.46484847758945663,
      "compression_ratio": 1.826086956521739,
      "end": 222.25,
      "no_speech_prob": 0.46092119812965393,
      "seek": 21147,
      "start": 211.47,
      "temperature": 0.0,
      "text": " In the shallow, shallow, shallow In the shallow, shallow We're far from the shallow",
      "tokens": [
        682,
        264,
        20488,
        11,
        20488,
        11,
        20488,
        682,
        264,
        20488,
        11,
        20488,
        492,
        434,
        1400,
        490,
        264,
        20488
      ]
    }
  ],
  "usage": null,
  "words": [
    {
      "end": 16.77,
      "start": 16.01,
      "word": " Tell"
    },
    {
      "end": 17.13,
      "start": 16.77,
      "word": " me"
    },
    {
      "end": 17.87,
      "start": 17.13,
      "word": " something,"
    },
    {
      "end": 19.27,
      "start": 18.93,
      "word": " girl"
    },
    {
      "end": 21.83,
      "start": 19.27,
      "word": " Are"
    },
    {
      "end": 22.07,
      "start": 21.83,
      "word": " you"
    },
    {
      "end": 22.73,
      "start": 22.07,
      "word": " happy"
    },
    {
      "end": 23.09,
      "start": 22.73,
      "word": " and"
    },
    {
      "end": 23.41,
      "start": 23.09,
      "word": " that's"
    },
    {
      "end": 23.75,
      "start": 23.41,
      "word": " more"
    },
    {
      "end": 24.41,
      "start": 23.75,
      "word": " than"
    },
    {
      "end": 25.19,
      "start": 24.41,
      "word": " one?"
    },
    {
      "end": 26.69,
      "start": 26.47,
      "word": " Or"
    },
    {
      "end": 27.13,
      "start": 26.69,
      "word": " do"
    },
    {
      "end": 27.41,
      "start": 27.13,
      "word": " you"
    },
    {
      "end": 27.91,
      "start": 27.41,
      "word": " need"
    },
    {
      "end": 29.33,
      "start": 27.91,
      "word": " more?"
    },
    {
      "end": 31.83,
      "start": 31.65,
      "word": " Is"
    },
    {
      "end": 32.11,
      "start": 31.83,
      "word": " there"
    },
    {
      "end": 32.63,
      "start": 32.11,
      "word": " something"
    },
    {
      "end": 33.05,
      "start": 32.63,
      "word": " else"
    },
    {
      "end": 33.45,
      "start": 33.05,
      "word": " you're"
    },
    {
      "end": 34.01,
      "start": 33.45,
      "word": " searching"
    },
    {
      "end": 35.17,
      "start": 34.01,
      "word": " for?"
    },
    {
      "end": 37.29,
      "start": 36.21,
      "word": " I've"
    },
    {
      "end": 38.81,
      "start": 37.29,
      "word": " fallen"
    },
    {
      "end": 41.35,
      "start": 38.81,
      "word": " In"
    },
    {
      "end": 41.79,
      "start": 41.35,
      "word": " all"
    },
    {
      "end": 42.11,
      "start": 41.79,
      "word": " the"
    },
    {
      "end": 42.37,
      "start": 42.11,
      "word": " good"
    },
    {
      "end": 42.99,
      "start": 42.37,
      "word": " times"
    },
    {
      "end": 43.29,
      "start": 42.99,
      "word": " I"
    },
    {
      "end": 43.87,
      "start": 43.29,
      "word": " find"
    },
    {
      "end": 44.87,
      "start": 43.87,
      "word": " myself"
    },
    {
      "end": 65.61,
      "start": 64.21,
      "word": " Tell"
    },
    {
      "end": 67.01,
      "start": 65.61,
      "word": " me"
    },
    {
      "end": 67.73,
      "start": 67.01,
      "word": " something,"
    },
    {
      "end": 68.87,
      "start": 68.87,
      "word": " boy"
    },
    {
      "end": 96.29,
      "start": 94.89,